depth,average time
8,47.0
9,48.0
10,51.0
11,106.5
12,168.0
13,269.4
14,335.14285714285717
15,637.3125
16,836.1666666666666
17,1514.7407407407406
18,2161.542857142857
19,3437.830188679245
20,5598.706666666667
21,8760.642857142857
22,12398.670212765957
23,22632.2
24,27902.366666666665
25,50039.954545454544
26,58378.87719298246
27,101625.42857142857
28,119488.57142857143
29,160056.2
30,199874.66666666666
