Depth,Instances,Average Time
8,2,46.5
9,2,80.0
10,1,122.0
11,2,240.0
12,1,264.0
13,9,453.55555555555554
14,11,564.0909090909091
15,14,1059.7142857142858
16,21,1511.952380952381
17,38,2543.2631578947367
18,47,3578.8297872340427
19,67,5541.3432835820895
20,80,9185.9375
21,96,14595.395833333334
22,128,21654.6640625
23,118,39065.161016949154
24,140,49706.3
25,81,89095.46913580247
26,79,101166.53164556962
27,39,188927.92307692306
28,22,230086.63636363635
29,2,322002.0
