depth,average time
8,13827.0
9,16198.0
10,13037.0
11,28444.5
12,45037.0
13,83042.2
14,192338.7142857143
15,190888.875
16,276609.125
17,499782.3703703704
18,686177.1142857143
19,1197983.6981132075
20,2054173.5333333334
21,3165968.238095238
22,4527916.05319149
23,9469005.863157894
24,1.11861498E7
25,2.2867944606060605E7
26,2.7251240157894738E7
27,6.0226727666666664E7
28,7.1382293E7
29,1.02519862E8
30,1.4460510266666666E8
